perguntas,respostas
oi,Oi! Tudo bem?
oie,Oi! Tudo bem?
olá,Oi! Tudo bem?
eai,Oi! Tudo bem?
opa,Oi! Tudo bem?
yep,Oi! Tudo bem?
hi,Oi! Tudo bem?
hello,Oi! Tudo bem?
bom dia,Oi! Tudo bem?
boa tarde,Oi! Tudo bem?
boa noite,Oi! Tudo bem?
epa,Oi! Tudo bem?
Ei,Oi! Tudo bem?
Hey,Oi! Tudo bem?
Tudo bem?,Oi! Tudo bem?
Como vai?,Oi! Tudo bem?
Tudo certo por aí?,Oi! Tudo bem?
Como você está?,Oi! Tudo bem?
E aí beleza?,Oi! Tudo bem?
E aí,Oi! Tudo bem?
Fala,Oi! Tudo bem?
Alô,Oi! Tudo bem?
Teste,Oi! Tudo bem?
,
tudo bem,Que bom! Como posso te ajudar?
estou bem,Que bom! Como posso te ajudar?
tudo ótimo,Que bom! Como posso te ajudar?
bem,Que bom! Como posso te ajudar?
estou ótimo,Que bom! Como posso te ajudar?
sim tudo bem,Que bom! Como posso te ajudar?
tudo tranquilo,Que bom! Como posso te ajudar?
estou legal,Que bom! Como posso te ajudar?
vai tudo bem,Que bom! Como posso te ajudar?
correu tudo bem,Que bom! Como posso te ajudar?
melhor agora,Que bom! Como posso te ajudar?
,
não estou bem,Sinto muito em ouvir isso. Como posso ajudar?
estou com problemas,Sinto muito em ouvir isso. Como posso ajudar?
estou triste,Sinto muito em ouvir isso. Como posso ajudar?
me ajude,Sinto muito em ouvir isso. Como posso ajudar?
estou triste,Sinto muito em ouvir isso. Como posso ajudar?
to mal,Sinto muito em ouvir isso. Como posso ajudar?
estou mal,Sinto muito em ouvir isso. Como posso ajudar?
hoje o dia está ruim,Sinto muito em ouvir isso. Como posso ajudar?
as coisas não estão boas,Sinto muito em ouvir isso. Como posso ajudar?
estou com um problema,Sinto muito em ouvir isso. Como posso ajudar?
não muito bem,Sinto muito em ouvir isso. Como posso ajudar?
hoje o dia está difícil,Sinto muito em ouvir isso. Como posso ajudar?
hoje o dia esta complicado,Sinto muito em ouvir isso. Como posso ajudar?
hoje o dia não tá legal,Sinto muito em ouvir isso. Como posso ajudar?
,
preciso de ajuda,Claro! Estou aqui para ajudar. O que você precisa?
ajuda,Claro! Estou aqui para ajudar. O que você precisa?
socorro,Claro! Estou aqui para ajudar. O que você precisa?
estou perdido,Claro! Estou aqui para ajudar. O que você precisa?
estou com uma duvida,Claro! Estou aqui para ajudar. O que você precisa?
preciso de um suporte,Claro! Estou aqui para ajudar. O que você precisa?
pode me dar uma mão?,Claro! Estou aqui para ajudar. O que você precisa?
me ajude por favor,Claro! Estou aqui para ajudar. O que você precisa?
preciso de uma ajuda,Claro! Estou aqui para ajudar. O que você precisa?
,
como você se chama,Eu sou um chatbot feito em Python!
Qual é o seu nome?,Eu sou um chatbot feito em Python!
o que você é,Eu sou um chatbot feito em Python!
Quem é você?,Eu sou um chatbot feito em Python!
me diga seu nome,Eu sou um chatbot feito em Python!
Com quem estou falando?,Eu sou um chatbot feito em Python!
Qual o nome do atendente?,Eu sou um chatbot feito em Python!
"Por favor, se apresente.",Eu sou um chatbot feito em Python!
Como devo te chamar?,Eu sou um chatbot feito em Python!
Você é um robô?,Eu sou um chatbot feito em Python!
Estou falando com uma pessoa de verdade?,Eu sou um chatbot feito em Python!
Você é humano ou máquina?,Eu sou um chatbot feito em Python!
Você é uma inteligência artificial?,Eu sou um chatbot feito em Python!
,
obrigado,De nada! Se precisar de mais alguma coisa é só chamar.
obrigada,De nada! Se precisar de mais alguma coisa é só chamar.
muito obrigado,De nada! Se precisar de mais alguma coisa é só chamar.
muito obrigada,De nada! Se precisar de mais alguma coisa é só chamar.
obg,De nada! Se precisar de mais alguma coisa é só chamar.
vlw,De nada! Se precisar de mais alguma coisa é só chamar.
valeu pela ajuda,De nada! Se precisar de mais alguma coisa é só chamar.
agradecido,De nada! Se precisar de mais alguma coisa é só chamar.
agradecida,De nada! Se precisar de mais alguma coisa é só chamar.
show valeu,De nada! Se precisar de mais alguma coisa é só chamar.
,
tchau,Até logo! Volte sempre!
adeus,Até logo! Volte sempre!
falou,Até logo! Volte sempre!
flw,Até logo! Volte sempre!
otima dia,Até logo! Volte sempre!
otima tarde,Até logo! Volte sempre!
otima noite,Até logo! Volte sempre!
tenha um otimo dia,Até logo! Volte sempre!
tenha uma otima tarde,Até logo! Volte sempre!
tenha uma otima noite,Até logo! Volte sempre!
até mais,Até logo! Volte sempre!
vlw,Até logo! Volte sempre!
agradecido,Até logo! Volte sempre!
agradecida,Até logo! Volte sempre!
,
meu site apresenta não seguro,Para o caso do site estar apresentando insegurança indico seguir essa wiki: https://www.locaweb.com.br/ajuda/wiki/site-nao-seguro-como-resolver/
por que meu site aparece como não seguro?,Para o caso do site estar apresentando insegurança indico seguir essa wiki: https://www.locaweb.com.br/ajuda/wiki/site-nao-seguro-como-resolver/
aviso de site não seguro no navegador,Para o caso do site estar apresentando insegurança indico seguir essa wiki: https://www.locaweb.com.br/ajuda/wiki/site-nao-seguro-como-resolver/
"meu domínio está mostrando a mensagem ""não seguro""",Para o caso do site estar apresentando insegurança indico seguir essa wiki: https://www.locaweb.com.br/ajuda/wiki/site-nao-seguro-como-resolver/
como tirar o aviso de não seguro do meu site?,Para o caso do site estar apresentando insegurança indico seguir essa wiki: https://www.locaweb.com.br/ajuda/wiki/site-nao-seguro-como-resolver/
como remover a mensagem de não seguro do meu site?,Para o caso do site estar apresentando insegurança indico seguir essa wiki: https://www.locaweb.com.br/ajuda/wiki/site-nao-seguro-como-resolver/
site marcando como inseguro,Para o caso do site estar apresentando insegurança indico seguir essa wiki: https://www.locaweb.com.br/ajuda/wiki/site-nao-seguro-como-resolver/
o cadeado de segurança não esta aparecendo no meu site,Para o caso do site estar apresentando insegurança indico seguir essa wiki: https://www.locaweb.com.br/ajuda/wiki/site-nao-seguro-como-resolver/
o cadeado está aberto o que eu posso fazer ?,Para o caso do site estar apresentando insegurança indico seguir essa wiki: https://www.locaweb.com.br/ajuda/wiki/site-nao-seguro-como-resolver/
o cadeado esta com um traço vermelho,Para o caso do site estar apresentando insegurança indico seguir essa wiki: https://www.locaweb.com.br/ajuda/wiki/site-nao-seguro-como-resolver/
aparece um triângulo de alerta ao lado do meu domínio,Para o caso do site estar apresentando insegurança indico seguir essa wiki: https://www.locaweb.com.br/ajuda/wiki/site-nao-seguro-como-resolver/
o google chrome diz que a conexão com o meu site não é segura,Para o caso do site estar apresentando insegurança indico seguir essa wiki: https://www.locaweb.com.br/ajuda/wiki/site-nao-seguro-como-resolver/
"a barra de endereço mostra ""not secure""",Para o caso do site estar apresentando insegurança indico seguir essa wiki: https://www.locaweb.com.br/ajuda/wiki/site-nao-seguro-como-resolver/
meu cliente estão recebendo um aviso de perigo ao acessar o site,Para o caso do site estar apresentando insegurança indico seguir essa wiki: https://www.locaweb.com.br/ajuda/wiki/site-nao-seguro-como-resolver/
"aparece uma mensagem de ""sua conexão não é particular""",Para o caso do site estar apresentando insegurança indico seguir essa wiki: https://www.locaweb.com.br/ajuda/wiki/site-nao-seguro-como-resolver/
o site diz que pode estar tentando roubar minhas informações,Para o caso do site estar apresentando insegurança indico seguir essa wiki: https://www.locaweb.com.br/ajuda/wiki/site-nao-seguro-como-resolver/
,
como liberar meu dominio na registro.br,Para a liberação ou problemas relacionado a dominio na registro br: https://registro.br/dominio/processo-de-liberacao/
como faço a liberação de domínio no registro.br?,Para a liberação ou problemas relacionado a dominio na registro br: https://registro.br/dominio/processo-de-liberacao/
quero liberar meu domínio no registro.br,Para a liberação ou problemas relacionado a dominio na registro br: https://registro.br/dominio/processo-de-liberacao/
passo a passo do processo de liberação,Para a liberação ou problemas relacionado a dominio na registro br: https://registro.br/dominio/processo-de-liberacao/
link para liberação de domínio,Para a liberação ou problemas relacionado a dominio na registro br: https://registro.br/dominio/processo-de-liberacao/
procedimento para libera um domínio .br,Para a liberação ou problemas relacionado a dominio na registro br: https://registro.br/dominio/processo-de-liberacao/
meu domínio está preso em outro provedor como resolver?,Para a liberação ou problemas relacionado a dominio na registro br: https://registro.br/dominio/processo-de-liberacao/
como desvinvular meu domínio do provedor atual na registro.br?,Para a liberação ou problemas relacionado a dominio na registro br: https://registro.br/dominio/processo-de-liberacao/
não consigo alterar o provedor do meu domínio aparece que preciso liberar,Para a liberação ou problemas relacionado a dominio na registro br: https://registro.br/dominio/processo-de-liberacao/
retirar vínculo de provedor no registro.br,Para a liberação ou problemas relacionado a dominio na registro br: https://registro.br/dominio/processo-de-liberacao/
destravar domínio para trocar a hospedagem,Para a liberação ou problemas relacionado a dominio na registro br: https://registro.br/dominio/processo-de-liberacao/
como resolver conflito de ID no registro.br?,Para a liberação ou problemas relacionado a dominio na registro br: https://registro.br/dominio/processo-de-liberacao/
como fazer a liberação de ID técnico/administrativo?,Para a liberação ou problemas relacionado a dominio na registro br: https://registro.br/dominio/processo-de-liberacao/
onde encontro o modelo de carta para liberação de domínio?,Para a liberação ou problemas relacionado a dominio na registro br: https://registro.br/dominio/processo-de-liberacao/
processo administrativo de liberação de domínio,Para a liberação ou problemas relacionado a dominio na registro br: https://registro.br/dominio/processo-de-liberacao/
erro de domínio vinculado a outro ticket ou ID,Para a liberação ou problemas relacionado a dominio na registro br: https://registro.br/dominio/processo-de-liberacao/
,
como configuro meu email locaweb no outlook?,Como configurar o email locaweb no outlook: https://www.locaweb.com.br/ajuda/wiki/configuracao-de-outlook-email-locaweb/ e também possui a opção: https://www.locaweb.com.br/ajuda/wiki/como-configurar-email-locaweb-no-office-365-email-locaweb
como faço para configurar meu e-mail Locaweb no Outlook?,Como configurar o email locaweb no outlook: https://www.locaweb.com.br/ajuda/wiki/configuracao-de-outlook-email-locaweb/ e também possui a opção: https://www.locaweb.com.br/ajuda/wiki/como-configurar-email-locaweb-no-office-365-email-locaweb
tutorial para usar e-mail no Outlook.,Como configurar o email locaweb no outlook: https://www.locaweb.com.br/ajuda/wiki/configuracao-de-outlook-email-locaweb/ e também possui a opção: https://www.locaweb.com.br/ajuda/wiki/como-configurar-email-locaweb-no-office-365-email-locaweb
Passo a passo configuração Outlook Locaweb.,Como configurar o email locaweb no outlook: https://www.locaweb.com.br/ajuda/wiki/configuracao-de-outlook-email-locaweb/ e também possui a opção: https://www.locaweb.com.br/ajuda/wiki/como-configurar-email-locaweb-no-office-365-email-locaweb
Quero colocar meu e-mail corporativo no Outlook.,Como configurar o email locaweb no outlook: https://www.locaweb.com.br/ajuda/wiki/configuracao-de-outlook-email-locaweb/ e também possui a opção: https://www.locaweb.com.br/ajuda/wiki/como-configurar-email-locaweb-no-office-365-email-locaweb
Como acessar minha conta Locaweb pelo Outlook?,Como configurar o email locaweb no outlook: https://www.locaweb.com.br/ajuda/wiki/configuracao-de-outlook-email-locaweb/ e também possui a opção: https://www.locaweb.com.br/ajuda/wiki/como-configurar-email-locaweb-no-office-365-email-locaweb
Como adicionar uma nova conta no Outlook?,Como configurar o email locaweb no outlook: https://www.locaweb.com.br/ajuda/wiki/configuracao-de-outlook-email-locaweb/ e também possui a opção: https://www.locaweb.com.br/ajuda/wiki/como-configurar-email-locaweb-no-office-365-email-locaweb
Preciso vincular meu e-mail ao Outlook.,Como configurar o email locaweb no outlook: https://www.locaweb.com.br/ajuda/wiki/configuracao-de-outlook-email-locaweb/ e também possui a opção: https://www.locaweb.com.br/ajuda/wiki/como-configurar-email-locaweb-no-office-365-email-locaweb
Como sincronizar minhas mensagens da Locaweb no Outlook?,Como configurar o email locaweb no outlook: https://www.locaweb.com.br/ajuda/wiki/configuracao-de-outlook-email-locaweb/ e também possui a opção: https://www.locaweb.com.br/ajuda/wiki/como-configurar-email-locaweb-no-office-365-email-locaweb
Instalar e-mail no programa Outlook.,Como configurar o email locaweb no outlook: https://www.locaweb.com.br/ajuda/wiki/configuracao-de-outlook-email-locaweb/ e também possui a opção: https://www.locaweb.com.br/ajuda/wiki/como-configurar-email-locaweb-no-office-365-email-locaweb
Logar no Outlook com e-mail Locaweb.,Como configurar o email locaweb no outlook: https://www.locaweb.com.br/ajuda/wiki/configuracao-de-outlook-email-locaweb/ e também possui a opção: https://www.locaweb.com.br/ajuda/wiki/como-configurar-email-locaweb-no-office-365-email-locaweb
Quais as portas de entrada e saída para o Outlook?,Como configurar o email locaweb no outlook: https://www.locaweb.com.br/ajuda/wiki/configuracao-de-outlook-email-locaweb/ e também possui a opção: https://www.locaweb.com.br/ajuda/wiki/como-configurar-email-locaweb-no-office-365-email-locaweb
Configuração de servidor SMTP e IMAP no Outlook.,Como configurar o email locaweb no outlook: https://www.locaweb.com.br/ajuda/wiki/configuracao-de-outlook-email-locaweb/ e também possui a opção: https://www.locaweb.com.br/ajuda/wiki/como-configurar-email-locaweb-no-office-365-email-locaweb
Como configurar POP3 no Outlook?,Como configurar o email locaweb no outlook: https://www.locaweb.com.br/ajuda/wiki/configuracao-de-outlook-email-locaweb/ e também possui a opção: https://www.locaweb.com.br/ajuda/wiki/como-configurar-email-locaweb-no-office-365-email-locaweb
Qual o servidor de entrada da Locaweb para por no Outlook?,Como configurar o email locaweb no outlook: https://www.locaweb.com.br/ajuda/wiki/configuracao-de-outlook-email-locaweb/ e também possui a opção: https://www.locaweb.com.br/ajuda/wiki/como-configurar-email-locaweb-no-office-365-email-locaweb
"O Outlook pede servidor de entrada e saída, o que eu coloco?",Como configurar o email locaweb no outlook: https://www.locaweb.com.br/ajuda/wiki/configuracao-de-outlook-email-locaweb/ e também possui a opção: https://www.locaweb.com.br/ajuda/wiki/como-configurar-email-locaweb-no-office-365-email-locaweb
Configurar e-mail Locaweb no Outlook 365.,Como configurar o email locaweb no outlook: https://www.locaweb.com.br/ajuda/wiki/configuracao-de-outlook-email-locaweb/ e também possui a opção: https://www.locaweb.com.br/ajuda/wiki/como-configurar-email-locaweb-no-office-365-email-locaweb
Como configurar no Outlook 2016 ou 2019?,Como configurar o email locaweb no outlook: https://www.locaweb.com.br/ajuda/wiki/configuracao-de-outlook-email-locaweb/ e também possui a opção: https://www.locaweb.com.br/ajuda/wiki/como-configurar-email-locaweb-no-office-365-email-locaweb
Configuração para a versão nova do Outlook.,Como configurar o email locaweb no outlook: https://www.locaweb.com.br/ajuda/wiki/configuracao-de-outlook-email-locaweb/ e também possui a opção: https://www.locaweb.com.br/ajuda/wiki/como-configurar-email-locaweb-no-office-365-email-locaweb
Configurar email no Outlook do pacote Office.,Como configurar o email locaweb no outlook: https://www.locaweb.com.br/ajuda/wiki/configuracao-de-outlook-email-locaweb/ e também possui a opção: https://www.locaweb.com.br/ajuda/wiki/como-configurar-email-locaweb-no-office-365-email-locaweb
,
Meu site está fora do ar. Quais são as causas mais comuns e como posso resolver?,Principais erros para o site estar fora do ar: https://www.locaweb.com.br/blog/temas/codigo-aberto/site-fora-do-ar-conheca-as-principais-causas-e-como-evitar-o-problema
Meu site caiu o que eu faço?,Principais erros para o site estar fora do ar: https://www.locaweb.com.br/blog/temas/codigo-aberto/site-fora-do-ar-conheca-as-principais-causas-e-como-evitar-o-problema
O site não está carregando.,Principais erros para o site estar fora do ar: https://www.locaweb.com.br/blog/temas/codigo-aberto/site-fora-do-ar-conheca-as-principais-causas-e-como-evitar-o-problema
Página fora do ar.,Principais erros para o site estar fora do ar: https://www.locaweb.com.br/blog/temas/codigo-aberto/site-fora-do-ar-conheca-as-principais-causas-e-como-evitar-o-problema
Meu domínio parou de funcionar.,Principais erros para o site estar fora do ar: https://www.locaweb.com.br/blog/temas/codigo-aberto/site-fora-do-ar-conheca-as-principais-causas-e-como-evitar-o-problema
"Não consigo acessar meu site, aparece erro.",Principais erros para o site estar fora do ar: https://www.locaweb.com.br/blog/temas/codigo-aberto/site-fora-do-ar-conheca-as-principais-causas-e-como-evitar-o-problema
O servidor parou de responder.,Principais erros para o site estar fora do ar: https://www.locaweb.com.br/blog/temas/codigo-aberto/site-fora-do-ar-conheca-as-principais-causas-e-como-evitar-o-problema
Problemas de conexão com o host.,Principais erros para o site estar fora do ar: https://www.locaweb.com.br/blog/temas/codigo-aberto/site-fora-do-ar-conheca-as-principais-causas-e-como-evitar-o-problema
Minha hospedagem está offline.,Principais erros para o site estar fora do ar: https://www.locaweb.com.br/blog/temas/codigo-aberto/site-fora-do-ar-conheca-as-principais-causas-e-como-evitar-o-problema
O site está dando Erro 500 (Internal Server Error).,Principais erros para o site estar fora do ar: https://www.locaweb.com.br/blog/temas/codigo-aberto/site-fora-do-ar-conheca-as-principais-causas-e-como-evitar-o-problema
"Aparece ""Erro ao estabelecer conexão com o banco de dados"".",Principais erros para o site estar fora do ar: https://www.locaweb.com.br/blog/temas/codigo-aberto/site-fora-do-ar-conheca-as-principais-causas-e-como-evitar-o-problema
Tela branca ao acessar o site (White Screen of Death).,Principais erros para o site estar fora do ar: https://www.locaweb.com.br/blog/temas/codigo-aberto/site-fora-do-ar-conheca-as-principais-causas-e-como-evitar-o-problema
Erro 503 Service Unavailable.,Principais erros para o site estar fora do ar: https://www.locaweb.com.br/blog/temas/codigo-aberto/site-fora-do-ar-conheca-as-principais-causas-e-como-evitar-o-problema
O site excedeu o limite de recursos e saiu do ar.,Principais erros para o site estar fora do ar: https://www.locaweb.com.br/blog/temas/codigo-aberto/site-fora-do-ar-conheca-as-principais-causas-e-como-evitar-o-problema
Por que meu site fica saindo do ar toda hora?,Principais erros para o site estar fora do ar: https://www.locaweb.com.br/blog/temas/codigo-aberto/site-fora-do-ar-conheca-as-principais-causas-e-como-evitar-o-problema
Como descobrir o motivo do site estar offline?,Principais erros para o site estar fora do ar: https://www.locaweb.com.br/blog/temas/codigo-aberto/site-fora-do-ar-conheca-as-principais-causas-e-como-evitar-o-problema
Quais as causas para o site travar?,Principais erros para o site estar fora do ar: https://www.locaweb.com.br/blog/temas/codigo-aberto/site-fora-do-ar-conheca-as-principais-causas-e-como-evitar-o-problema
Como diagnosticar site fora do ar?,Principais erros para o site estar fora do ar: https://www.locaweb.com.br/blog/temas/codigo-aberto/site-fora-do-ar-conheca-as-principais-causas-e-como-evitar-o-problema
O problema é no meu site ou na hospedagem?,Principais erros para o site estar fora do ar: https://www.locaweb.com.br/blog/temas/codigo-aberto/site-fora-do-ar-conheca-as-principais-causas-e-como-evitar-o-problema
,
Como faço para acessar ou subir arquivos por FTP (FileZilla) na Locaweb?,Como fazer acesso ao ftp locaweb: https://www.locaweb.com.br/ajuda/wiki/como-acessar-o-ftp-atraves-do-filezilla-revenda-locaweb/
Como configurar o FileZilla na Locaweb?,Como fazer acesso ao ftp locaweb: https://www.locaweb.com.br/ajuda/wiki/como-acessar-o-ftp-atraves-do-filezilla-revenda-locaweb/
Passo a passo para acessar o FTP pelo FileZilla.,Como fazer acesso ao ftp locaweb: https://www.locaweb.com.br/ajuda/wiki/como-acessar-o-ftp-atraves-do-filezilla-revenda-locaweb/
Dados para conexão no FileZilla.,Como fazer acesso ao ftp locaweb: https://www.locaweb.com.br/ajuda/wiki/como-acessar-o-ftp-atraves-do-filezilla-revenda-locaweb/
"Onde coloco o host, usuário e senha no FileZilla?",Como fazer acesso ao ftp locaweb: https://www.locaweb.com.br/ajuda/wiki/como-acessar-o-ftp-atraves-do-filezilla-revenda-locaweb/
Tutorial de FileZilla para Locaweb.,Como fazer acesso ao ftp locaweb: https://www.locaweb.com.br/ajuda/wiki/como-acessar-o-ftp-atraves-do-filezilla-revenda-locaweb/
Como faço para subir meu site para a hospedagem?,Como fazer acesso ao ftp locaweb: https://www.locaweb.com.br/ajuda/wiki/como-acessar-o-ftp-atraves-do-filezilla-revenda-locaweb/
Quero enviar os arquivos do meu site para o servidor.,Como fazer acesso ao ftp locaweb: https://www.locaweb.com.br/ajuda/wiki/como-acessar-o-ftp-atraves-do-filezilla-revenda-locaweb/
Como publicar meu site usando FTP?,Como fazer acesso ao ftp locaweb: https://www.locaweb.com.br/ajuda/wiki/como-acessar-o-ftp-atraves-do-filezilla-revenda-locaweb/
Transferir arquivos do meu computador para a Locaweb.,Como fazer acesso ao ftp locaweb: https://www.locaweb.com.br/ajuda/wiki/como-acessar-o-ftp-atraves-do-filezilla-revenda-locaweb/
Colocar site no ar via FTP.,Como fazer acesso ao ftp locaweb: https://www.locaweb.com.br/ajuda/wiki/como-acessar-o-ftp-atraves-do-filezilla-revenda-locaweb/
Qual é o host de FTP da Locaweb?,Como fazer acesso ao ftp locaweb: https://www.locaweb.com.br/ajuda/wiki/como-acessar-o-ftp-atraves-do-filezilla-revenda-locaweb/
"Não consigo conectar no FTP, qual a porta correta?",Como fazer acesso ao ftp locaweb: https://www.locaweb.com.br/ajuda/wiki/como-acessar-o-ftp-atraves-do-filezilla-revenda-locaweb/
Erro de conexão no FileZilla.,Como fazer acesso ao ftp locaweb: https://www.locaweb.com.br/ajuda/wiki/como-acessar-o-ftp-atraves-do-filezilla-revenda-locaweb/
Como descobrir meu usuário e senha de FTP?,Como fazer acesso ao ftp locaweb: https://www.locaweb.com.br/ajuda/wiki/como-acessar-o-ftp-atraves-do-filezilla-revenda-locaweb/
O FileZilla não conecta no servidor.,Como fazer acesso ao ftp locaweb: https://www.locaweb.com.br/ajuda/wiki/como-acessar-o-ftp-atraves-do-filezilla-revenda-locaweb/
Como acessar os arquivos do servidor remotamente?,Como fazer acesso ao ftp locaweb: https://www.locaweb.com.br/ajuda/wiki/como-acessar-o-ftp-atraves-do-filezilla-revenda-locaweb/
Acesso FTP na revenda ou hospedagem.,Como fazer acesso ao ftp locaweb: https://www.locaweb.com.br/ajuda/wiki/como-acessar-o-ftp-atraves-do-filezilla-revenda-locaweb/
Como usar um cliente de FTP?,Como fazer acesso ao ftp locaweb: https://www.locaweb.com.br/ajuda/wiki/como-acessar-o-ftp-atraves-do-filezilla-revenda-locaweb/
Gerenciamento de arquivos via FTP.,Como fazer acesso ao ftp locaweb: https://www.locaweb.com.br/ajuda/wiki/como-acessar-o-ftp-atraves-do-filezilla-revenda-locaweb/
,
Como visualizar os dados ftp da hospedagem ?,Para visualizar os dados ftp da sua hospedagem: https://www.locaweb.com.br/ajuda/wiki/como-ver-os-dados-de-acesso-ao-ftp-hospedagem-de-sites
Onde vejo os dados de acesso ao FTP?,Para visualizar os dados ftp da sua hospedagem: https://www.locaweb.com.br/ajuda/wiki/como-ver-os-dados-de-acesso-ao-ftp-hospedagem-de-sites
Onde ficam as informações de FTP no painel?,Para visualizar os dados ftp da sua hospedagem: https://www.locaweb.com.br/ajuda/wiki/como-ver-os-dados-de-acesso-ao-ftp-hospedagem-de-sites
Como visualizar meu login e host de FTP?,Para visualizar os dados ftp da sua hospedagem: https://www.locaweb.com.br/ajuda/wiki/como-ver-os-dados-de-acesso-ao-ftp-hospedagem-de-sites
Caminho para ver as configurações de FTP na hospedagem.,Para visualizar os dados ftp da sua hospedagem: https://www.locaweb.com.br/ajuda/wiki/como-ver-os-dados-de-acesso-ao-ftp-hospedagem-de-sites
Onde encontro meus dados de conexão?,Para visualizar os dados ftp da sua hospedagem: https://www.locaweb.com.br/ajuda/wiki/como-ver-os-dados-de-acesso-ao-ftp-hospedagem-de-sites
Qual é o endereço do meu servidor FTP?,Para visualizar os dados ftp da sua hospedagem: https://www.locaweb.com.br/ajuda/wiki/como-ver-os-dados-de-acesso-ao-ftp-hospedagem-de-sites
"Não sei qual é o meu usuário de FTP, como descobrir?",Para visualizar os dados ftp da sua hospedagem: https://www.locaweb.com.br/ajuda/wiki/como-ver-os-dados-de-acesso-ao-ftp-hospedagem-de-sites
"Qual ""Host"" eu coloco no FileZilla?",Para visualizar os dados ftp da sua hospedagem: https://www.locaweb.com.br/ajuda/wiki/como-ver-os-dados-de-acesso-ao-ftp-hospedagem-de-sites
Preciso saber o nome do servidor para conectar.,Para visualizar os dados ftp da sua hospedagem: https://www.locaweb.com.br/ajuda/wiki/como-ver-os-dados-de-acesso-ao-ftp-hospedagem-de-sites
Qual é o IP ou endereço para conexão FTP?,Para visualizar os dados ftp da sua hospedagem: https://www.locaweb.com.br/ajuda/wiki/como-ver-os-dados-de-acesso-ao-ftp-hospedagem-de-sites
Quais dados eu uso para configurar o FileZilla?,Para visualizar os dados ftp da sua hospedagem: https://www.locaweb.com.br/ajuda/wiki/como-ver-os-dados-de-acesso-ao-ftp-hospedagem-de-sites
O que eu coloco nos campos de conexão do programa de FTP?,Para visualizar os dados ftp da sua hospedagem: https://www.locaweb.com.br/ajuda/wiki/como-ver-os-dados-de-acesso-ao-ftp-hospedagem-de-sites
"Preciso dos dados para subir meu site, onde pego?",Para visualizar os dados ftp da sua hospedagem: https://www.locaweb.com.br/ajuda/wiki/como-ver-os-dados-de-acesso-ao-ftp-hospedagem-de-sites
Dados para conectar via Dreamweaver ou FileZilla.,Para visualizar os dados ftp da sua hospedagem: https://www.locaweb.com.br/ajuda/wiki/como-ver-os-dados-de-acesso-ao-ftp-hospedagem-de-sites
Recuperar informações de acesso ao servidor de arquivos.,Para visualizar os dados ftp da sua hospedagem: https://www.locaweb.com.br/ajuda/wiki/como-ver-os-dados-de-acesso-ao-ftp-hospedagem-de-sites
,
Meu site está lento. Como otimizar o desempenho na hospedagem?,Recomendo para o seu site: https://www.locaweb.com.br/blog/temas/codigo-aberto/site-lento-o-que-fazer/
Meu site demora muito para carregar.,Recomendo para o seu site: https://www.locaweb.com.br/blog/temas/codigo-aberto/site-lento-o-que-fazer/
A página fica carregando infinitamente e não abre.,Recomendo para o seu site: https://www.locaweb.com.br/blog/temas/codigo-aberto/site-lento-o-que-fazer/
Site muito pesado e lento.,Recomendo para o seu site: https://www.locaweb.com.br/blog/temas/codigo-aberto/site-lento-o-que-fazer/
Estou enfrentando lentidão no acesso ao meu site.,Recomendo para o seu site: https://www.locaweb.com.br/blog/temas/codigo-aberto/site-lento-o-que-fazer/
O site está travando ou engasgando.,Recomendo para o seu site: https://www.locaweb.com.br/blog/temas/codigo-aberto/site-lento-o-que-fazer/
Como faço para deixar meu site mais rápido?,Recomendo para o seu site: https://www.locaweb.com.br/blog/temas/codigo-aberto/site-lento-o-que-fazer/
Quero acelerar o carregamento das minhas páginas.,Recomendo para o seu site: https://www.locaweb.com.br/blog/temas/codigo-aberto/site-lento-o-que-fazer/
Como melhorar a performance do meu site?,Recomendo para o seu site: https://www.locaweb.com.br/blog/temas/codigo-aberto/site-lento-o-que-fazer/
Dicas para otimizar o desempenho da hospedagem.,Recomendo para o seu site: https://www.locaweb.com.br/blog/temas/codigo-aberto/site-lento-o-que-fazer/
O que fazer para diminuir o tempo de resposta do site?,Recomendo para o seu site: https://www.locaweb.com.br/blog/temas/codigo-aberto/site-lento-o-que-fazer/
"Meu WordPress está muito lento, como resolver?",Recomendo para o seu site: https://www.locaweb.com.br/blog/temas/codigo-aberto/site-lento-o-que-fazer/
Minha nota no Google PageSpeed está baixa.,Recomendo para o seu site: https://www.locaweb.com.br/blog/temas/codigo-aberto/site-lento-o-que-fazer/
O banco de dados está demorando para responder.,Recomendo para o seu site: https://www.locaweb.com.br/blog/temas/codigo-aberto/site-lento-o-que-fazer/
Problemas com TTFB (Time to First Byte) alto.,Recomendo para o seu site: https://www.locaweb.com.br/blog/temas/codigo-aberto/site-lento-o-que-fazer/
Como configurar cache para melhorar a velocidade?,Recomendo para o seu site: https://www.locaweb.com.br/blog/temas/codigo-aberto/site-lento-o-que-fazer/
Por que meu site ficou lento de repente?,Recomendo para o seu site: https://www.locaweb.com.br/blog/temas/codigo-aberto/site-lento-o-que-fazer/
É problema na hospedagem ou no meu código que deixa o site lento?,Recomendo para o seu site: https://www.locaweb.com.br/blog/temas/codigo-aberto/site-lento-o-que-fazer/
O servidor está com latência alta?,Recomendo para o seu site: https://www.locaweb.com.br/blog/temas/codigo-aberto/site-lento-o-que-fazer/
O que causa lentidão no site?,Recomendo para o seu site: https://www.locaweb.com.br/blog/temas/codigo-aberto/site-lento-o-que-fazer/
,
O que significa erro 500 Internal Server Error e como corrigir?,Sobre o erro 500: https://www.locaweb.com.br/ajuda/wiki/erro-500
O que significa o Erro 500?,Sobre o erro 500: https://www.locaweb.com.br/ajuda/wiki/erro-500
Meu site está dando Internal Server Error.,Sobre o erro 500: https://www.locaweb.com.br/ajuda/wiki/erro-500
"Apareceu um ""HTTP Error 500"" na tela.",Sobre o erro 500: https://www.locaweb.com.br/ajuda/wiki/erro-500
Como resolver o erro 500 na minha hospedagem?,Sobre o erro 500: https://www.locaweb.com.br/ajuda/wiki/erro-500
O servidor retornou um erro 500.,Sobre o erro 500: https://www.locaweb.com.br/ajuda/wiki/erro-500
"O site diz ""O servidor encontrou um erro interno"".",Sobre o erro 500: https://www.locaweb.com.br/ajuda/wiki/erro-500
"Mensagem de ""Internal Server Error"" ao acessar a página.",Sobre o erro 500: https://www.locaweb.com.br/ajuda/wiki/erro-500
"Erro interno do servidor, como arrumar?",Sobre o erro 500: https://www.locaweb.com.br/ajuda/wiki/erro-500
O site parou e mostra uma mensagem de erro interno.,Sobre o erro 500: https://www.locaweb.com.br/ajuda/wiki/erro-500
Meu WordPress ficou com tela branca e erro 500.,Sobre o erro 500: https://www.locaweb.com.br/ajuda/wiki/erro-500
Atualizei um plugin e agora dá erro 500.,Sobre o erro 500: https://www.locaweb.com.br/ajuda/wiki/erro-500
Erro 500 após mexer no arquivo .htaccess.,Sobre o erro 500: https://www.locaweb.com.br/ajuda/wiki/erro-500
Problema de permissão de pastas causando erro 500.,Sobre o erro 500: https://www.locaweb.com.br/ajuda/wiki/erro-500
Erro no script PHP gerando código 500.,Sobre o erro 500: https://www.locaweb.com.br/ajuda/wiki/erro-500
,
Como devo criar as entradas de DNS na Zona de DNS da Locaweb para subdomínios?,Como configurar subdominio na zona dns: https://www.locaweb.com.br/ajuda/wiki/como-criar-as-entradas-de-dns-na-zona-de-dns-hospedagem-de-sites-2
Como criar um subdomínio na Zona de DNS?,Como configurar subdominio na zona dns: https://www.locaweb.com.br/ajuda/wiki/como-criar-as-entradas-de-dns-na-zona-de-dns-hospedagem-de-sites-2
Como adicionar um novo subdomínio no painel?,Como configurar subdominio na zona dns: https://www.locaweb.com.br/ajuda/wiki/como-criar-as-entradas-de-dns-na-zona-de-dns-hospedagem-de-sites-2
Configuração de subdomínio na Locaweb.,Como configurar subdominio na zona dns: https://www.locaweb.com.br/ajuda/wiki/como-criar-as-entradas-de-dns-na-zona-de-dns-hospedagem-de-sites-2
Passo a passo para criar subdomínios.,Como configurar subdominio na zona dns: https://www.locaweb.com.br/ajuda/wiki/como-criar-as-entradas-de-dns-na-zona-de-dns-hospedagem-de-sites-2
Como criar uma entrada CNAME para um subdomínio?,Como configurar subdominio na zona dns: https://www.locaweb.com.br/ajuda/wiki/como-criar-as-entradas-de-dns-na-zona-de-dns-hospedagem-de-sites-2
Apontar entrada do tipo A para um subdomínio.,Como configurar subdominio na zona dns: https://www.locaweb.com.br/ajuda/wiki/como-criar-as-entradas-de-dns-na-zona-de-dns-hospedagem-de-sites-2
Configurar apontamento de DNS para subdomínio.,Como configurar subdominio na zona dns: https://www.locaweb.com.br/ajuda/wiki/como-criar-as-entradas-de-dns-na-zona-de-dns-hospedagem-de-sites-2
Como editar a Zona de DNS para adicionar subdomínio?,Como configurar subdominio na zona dns: https://www.locaweb.com.br/ajuda/wiki/como-criar-as-entradas-de-dns-na-zona-de-dns-hospedagem-de-sites-2
Como apontar um subdomínio para um IP externo?,Como configurar subdominio na zona dns: https://www.locaweb.com.br/ajuda/wiki/como-criar-as-entradas-de-dns-na-zona-de-dns-hospedagem-de-sites-2
Criar subdomínio para acessar meu blog ou loja.,Como configurar subdominio na zona dns: https://www.locaweb.com.br/ajuda/wiki/como-criar-as-entradas-de-dns-na-zona-de-dns-hospedagem-de-sites-2
"Meu subdomínio não funciona, preciso configurar o DNS?",Como configurar subdominio na zona dns: https://www.locaweb.com.br/ajuda/wiki/como-criar-as-entradas-de-dns-na-zona-de-dns-hospedagem-de-sites-2
Adicionar registro de subdomínio na hospedagem.,Como configurar subdominio na zona dns: https://www.locaweb.com.br/ajuda/wiki/como-criar-as-entradas-de-dns-na-zona-de-dns-hospedagem-de-sites-2
,
"O que fazer quando o acesso ao site apresenta a mensagem ""o servidor DNS não está respondendo""?",Sobre o erro relacionado ao DNS: https://www.locaweb.com.br/ajuda/wiki/servidor-dns-nao-esta-respondendo
"Apareceu o erro: ""O servidor DNS não está respondendo"".",Sobre o erro relacionado ao DNS: https://www.locaweb.com.br/ajuda/wiki/servidor-dns-nao-esta-respondendo
"O navegador mostra ""DNS server not responding"".",Sobre o erro relacionado ao DNS: https://www.locaweb.com.br/ajuda/wiki/servidor-dns-nao-esta-respondendo
Erro: Não foi possível encontrar o endereço IP do servidor.,Sobre o erro relacionado ao DNS: https://www.locaweb.com.br/ajuda/wiki/servidor-dns-nao-esta-respondendo
"Mensagem de ""Falha na pesquisa de DNS"".",Sobre o erro relacionado ao DNS: https://www.locaweb.com.br/ajuda/wiki/servidor-dns-nao-esta-respondendo
O Windows diz que o servidor DNS não responde.,Sobre o erro relacionado ao DNS: https://www.locaweb.com.br/ajuda/wiki/servidor-dns-nao-esta-respondendo
Como corrigir o erro DNS_PROBE_FINISHED_NXDOMAIN?,Sobre o erro relacionado ao DNS: https://www.locaweb.com.br/ajuda/wiki/servidor-dns-nao-esta-respondendo
Apareceu o código DNS_PROBE_FINISHED_BAD_CONFIG.,Sobre o erro relacionado ao DNS: https://www.locaweb.com.br/ajuda/wiki/servidor-dns-nao-esta-respondendo
Erro de resolução de nomes de domínio.,Sobre o erro relacionado ao DNS: https://www.locaweb.com.br/ajuda/wiki/servidor-dns-nao-esta-respondendo
Falha de comunicação com o servidor de nomes.,Sobre o erro relacionado ao DNS: https://www.locaweb.com.br/ajuda/wiki/servidor-dns-nao-esta-respondendo
Erro de DNS ao tentar acessar o site.,Sobre o erro relacionado ao DNS: https://www.locaweb.com.br/ajuda/wiki/servidor-dns-nao-esta-respondendo
Meu site não abre e diz que é problema de DNS.,Sobre o erro relacionado ao DNS: https://www.locaweb.com.br/ajuda/wiki/servidor-dns-nao-esta-respondendo
Como limpar o cache de DNS?,Sobre o erro relacionado ao DNS: https://www.locaweb.com.br/ajuda/wiki/servidor-dns-nao-esta-respondendo
"O site não carrega, fala que o DNS está com problemas.",Sobre o erro relacionado ao DNS: https://www.locaweb.com.br/ajuda/wiki/servidor-dns-nao-esta-respondendo
"Minha internet funciona, mas esse site dá erro de DNS.",Sobre o erro relacionado ao DNS: https://www.locaweb.com.br/ajuda/wiki/servidor-dns-nao-esta-respondendo
Como resolver falha de DNS na conexão?,Sobre o erro relacionado ao DNS: https://www.locaweb.com.br/ajuda/wiki/servidor-dns-nao-esta-respondendo
,
Como instalar o WordPress na Hospedagem Locaweb?,Como instalar o wordpress: https://www.locaweb.com.br/ajuda/wiki/instalacao-facil-e-pratica-de-wordpress-hospedagem-de-sites/
Como faço para instalar o WordPress na minha hospedagem?,Como instalar o wordpress: https://www.locaweb.com.br/ajuda/wiki/instalacao-facil-e-pratica-de-wordpress-hospedagem-de-sites/
Passo a passo para instalação do WordPress.,Como instalar o wordpress: https://www.locaweb.com.br/ajuda/wiki/instalacao-facil-e-pratica-de-wordpress-hospedagem-de-sites/
Quero colocar o WordPress no meu site.,Como instalar o wordpress: https://www.locaweb.com.br/ajuda/wiki/instalacao-facil-e-pratica-de-wordpress-hospedagem-de-sites/
Tutorial de instalação do WP na Locaweb.,Como instalar o wordpress: https://www.locaweb.com.br/ajuda/wiki/instalacao-facil-e-pratica-de-wordpress-hospedagem-de-sites/
Como configurar o WordPress pela primeira vez?,Como instalar o wordpress: https://www.locaweb.com.br/ajuda/wiki/instalacao-facil-e-pratica-de-wordpress-hospedagem-de-sites/
A Locaweb tem instalador automático de WordPress?,Como instalar o wordpress: https://www.locaweb.com.br/ajuda/wiki/instalacao-facil-e-pratica-de-wordpress-hospedagem-de-sites/
Como usar o Instalador de Aplicativos para por o WordPress?,Como instalar o wordpress: https://www.locaweb.com.br/ajuda/wiki/instalacao-facil-e-pratica-de-wordpress-hospedagem-de-sites/
Instalação fácil do WordPress.,Como instalar o wordpress: https://www.locaweb.com.br/ajuda/wiki/instalacao-facil-e-pratica-de-wordpress-hospedagem-de-sites/
Tem como instalar o WordPress com 1 clique?,Como instalar o wordpress: https://www.locaweb.com.br/ajuda/wiki/instalacao-facil-e-pratica-de-wordpress-hospedagem-de-sites/
Onde fica a ferramenta de instalar WordPress no painel?,Como instalar o wordpress: https://www.locaweb.com.br/ajuda/wiki/instalacao-facil-e-pratica-de-wordpress-hospedagem-de-sites/
"Quero criar um blog em WordPress, como começo?",Como instalar o wordpress: https://www.locaweb.com.br/ajuda/wiki/instalacao-facil-e-pratica-de-wordpress-hospedagem-de-sites/
Como iniciar um site WordPress no meu domínio?,Como instalar o wordpress: https://www.locaweb.com.br/ajuda/wiki/instalacao-facil-e-pratica-de-wordpress-hospedagem-de-sites/
Configurar CMS WordPress na hospedagem.,Como instalar o wordpress: https://www.locaweb.com.br/ajuda/wiki/instalacao-facil-e-pratica-de-wordpress-hospedagem-de-sites/
Preciso subir o WordPress ou tem pronto?,Como instalar o wordpress: https://www.locaweb.com.br/ajuda/wiki/instalacao-facil-e-pratica-de-wordpress-hospedagem-de-sites/
Instalar WP.,Como instalar o wordpress: https://www.locaweb.com.br/ajuda/wiki/instalacao-facil-e-pratica-de-wordpress-hospedagem-de-sites/
Setup do WordPress.,Como instalar o wordpress: https://www.locaweb.com.br/ajuda/wiki/instalacao-facil-e-pratica-de-wordpress-hospedagem-de-sites/
Como baixar e instalar o WP no servidor?,Como instalar o wordpress: https://www.locaweb.com.br/ajuda/wiki/instalacao-facil-e-pratica-de-wordpress-hospedagem-de-sites/
,
O que é e como emitir o certificado Let's Encrypt (SSL) para meu site?,Emitir o SSL Let´s Encrypt: https://www.locaweb.com.br/ajuda/wiki/como-gerar-o-certificado-lets-encrypt-via-ssh-hospedagem-de-sites/
Como instalo o certificado Let's Encrypt no meu site?,Emitir o SSL Let´s Encrypt: https://www.locaweb.com.br/ajuda/wiki/como-gerar-o-certificado-lets-encrypt-via-ssh-hospedagem-de-sites/
Quero ativar o Let's Encrypt na Locaweb.,Emitir o SSL Let´s Encrypt: https://www.locaweb.com.br/ajuda/wiki/como-gerar-o-certificado-lets-encrypt-via-ssh-hospedagem-de-sites/
Como configurar o certificado Let's Encrypt?,Emitir o SSL Let´s Encrypt: https://www.locaweb.com.br/ajuda/wiki/como-gerar-o-certificado-lets-encrypt-via-ssh-hospedagem-de-sites/
Onde faço a emissão do Let's Encrypt?,Emitir o SSL Let´s Encrypt: https://www.locaweb.com.br/ajuda/wiki/como-gerar-o-certificado-lets-encrypt-via-ssh-hospedagem-de-sites/
Tutorial para usar o SSL Let's Encrypt.,Emitir o SSL Let´s Encrypt: https://www.locaweb.com.br/ajuda/wiki/como-gerar-o-certificado-lets-encrypt-via-ssh-hospedagem-de-sites/
Como colocar SSL grátis no meu site?,Emitir o SSL Let´s Encrypt: https://www.locaweb.com.br/ajuda/wiki/como-gerar-o-certificado-lets-encrypt-via-ssh-hospedagem-de-sites/
A Locaweb tem certificado de segurança gratuito?,Emitir o SSL Let´s Encrypt: https://www.locaweb.com.br/ajuda/wiki/como-gerar-o-certificado-lets-encrypt-via-ssh-hospedagem-de-sites/
Quero deixar meu site seguro sem pagar pelo SSL.,Emitir o SSL Let´s Encrypt: https://www.locaweb.com.br/ajuda/wiki/como-gerar-o-certificado-lets-encrypt-via-ssh-hospedagem-de-sites/
Existe alguma opção de HTTPS gratuito?,Emitir o SSL Let´s Encrypt: https://www.locaweb.com.br/ajuda/wiki/como-gerar-o-certificado-lets-encrypt-via-ssh-hospedagem-de-sites/
Como instalar o certificado SSL free?,Emitir o SSL Let´s Encrypt: https://www.locaweb.com.br/ajuda/wiki/como-gerar-o-certificado-lets-encrypt-via-ssh-hospedagem-de-sites/
Como gerar o certificado SSL via SSH?,Emitir o SSL Let´s Encrypt: https://www.locaweb.com.br/ajuda/wiki/como-gerar-o-certificado-lets-encrypt-via-ssh-hospedagem-de-sites/
Instalação de SSL por linha de comando.,Emitir o SSL Let´s Encrypt: https://www.locaweb.com.br/ajuda/wiki/como-gerar-o-certificado-lets-encrypt-via-ssh-hospedagem-de-sites/
Gerar chaves do certificado manualmente.,Emitir o SSL Let´s Encrypt: https://www.locaweb.com.br/ajuda/wiki/como-gerar-o-certificado-lets-encrypt-via-ssh-hospedagem-de-sites/
Procedimento para emitir certificado SSL na hospedagem Linux.,Emitir o SSL Let´s Encrypt: https://www.locaweb.com.br/ajuda/wiki/como-gerar-o-certificado-lets-encrypt-via-ssh-hospedagem-de-sites/
Renovação ou geração de certificado via terminal.,Emitir o SSL Let´s Encrypt: https://www.locaweb.com.br/ajuda/wiki/como-gerar-o-certificado-lets-encrypt-via-ssh-hospedagem-de-sites/
Habilitar o cadeado de segurança grátis.,Emitir o SSL Let´s Encrypt: https://www.locaweb.com.br/ajuda/wiki/como-gerar-o-certificado-lets-encrypt-via-ssh-hospedagem-de-sites/
Preciso gerar um certificado para o meu domínio.,Emitir o SSL Let´s Encrypt: https://www.locaweb.com.br/ajuda/wiki/como-gerar-o-certificado-lets-encrypt-via-ssh-hospedagem-de-sites/
Como criar o certificado de segurança para o site?,Emitir o SSL Let´s Encrypt: https://www.locaweb.com.br/ajuda/wiki/como-gerar-o-certificado-lets-encrypt-via-ssh-hospedagem-de-sites/
,
Como restaurar um backup da minha Hospedagem de Sites Locaweb?,Como fazer backup da Hospedagem: https://www.locaweb.com.br/ajuda/wiki/backup-e-restore-de-servicos
Como restauro um backup da minha hospedagem?,Como fazer backup da Hospedagem: https://www.locaweb.com.br/ajuda/wiki/backup-e-restore-de-servicos
"Apaguei arquivos sem querer, como recuperar?",Como fazer backup da Hospedagem: https://www.locaweb.com.br/ajuda/wiki/backup-e-restore-de-servicos
Preciso fazer um restore do meu site.,Como fazer backup da Hospedagem: https://www.locaweb.com.br/ajuda/wiki/backup-e-restore-de-servicos
Quero voltar meu site para a versão de ontem.,Como fazer backup da Hospedagem: https://www.locaweb.com.br/ajuda/wiki/backup-e-restore-de-servicos
Como desfazer alterações restaurando uma cópia de segurança?,Como fazer backup da Hospedagem: https://www.locaweb.com.br/ajuda/wiki/backup-e-restore-de-servicos
"O site quebrou, como volto o backup?",Como fazer backup da Hospedagem: https://www.locaweb.com.br/ajuda/wiki/backup-e-restore-de-servicos
Como fazer uma cópia de segurança do meu site?,Como fazer backup da Hospedagem: https://www.locaweb.com.br/ajuda/wiki/backup-e-restore-de-servicos
Como baixar o backup dos meus arquivos?,Como fazer backup da Hospedagem: https://www.locaweb.com.br/ajuda/wiki/backup-e-restore-de-servicos
Quero salvar meu site no meu computador.,Como fazer backup da Hospedagem: https://www.locaweb.com.br/ajuda/wiki/backup-e-restore-de-servicos
Como gerar um backup completo da hospedagem?,Como fazer backup da Hospedagem: https://www.locaweb.com.br/ajuda/wiki/backup-e-restore-de-servicos
Download de arquivos e banco de dados.,Como fazer backup da Hospedagem: https://www.locaweb.com.br/ajuda/wiki/backup-e-restore-de-servicos
Como restaurar apenas o banco de dados?,Como fazer backup da Hospedagem: https://www.locaweb.com.br/ajuda/wiki/backup-e-restore-de-servicos
Recuperar pasta específica via ferramenta de backup.,Como fazer backup da Hospedagem: https://www.locaweb.com.br/ajuda/wiki/backup-e-restore-de-servicos
Onde fica a ferramenta de Backup e Restore?,Como fazer backup da Hospedagem: https://www.locaweb.com.br/ajuda/wiki/backup-e-restore-de-servicos
Como acessar os backups disponíveis no painel?,Como fazer backup da Hospedagem: https://www.locaweb.com.br/ajuda/wiki/backup-e-restore-de-servicos
A Locaweb tem backup automático?,Como fazer backup da Hospedagem: https://www.locaweb.com.br/ajuda/wiki/backup-e-restore-de-servicos
,
O site caiu por excesso de tráfego. Como verificar e solucionar?,Sobre o erro 503: https://www.locaweb.com.br/ajuda/wiki/erro-503/
O que significa o Erro 503?,Sobre o erro 503: https://www.locaweb.com.br/ajuda/wiki/erro-503/
"Meu site está mostrando ""503 Service Temporarily Unavailable"".",Sobre o erro 503: https://www.locaweb.com.br/ajuda/wiki/erro-503/
"Como corrigir o erro de ""Serviço Indisponível""?",Sobre o erro 503: https://www.locaweb.com.br/ajuda/wiki/erro-503/
Apareceu um HTTP Error 503 na tela.,Sobre o erro 503: https://www.locaweb.com.br/ajuda/wiki/erro-503/
O site diz que o serviço não está disponível no momento.,Sobre o erro 503: https://www.locaweb.com.br/ajuda/wiki/erro-503/
O site caiu por excesso de acessos?,Sobre o erro 503: https://www.locaweb.com.br/ajuda/wiki/erro-503/
Tenho muitas visitas e o site parou de funcionar.,Sobre o erro 503: https://www.locaweb.com.br/ajuda/wiki/erro-503/
Meu site não aguentou o tráfego e saiu do ar.,Sobre o erro 503: https://www.locaweb.com.br/ajuda/wiki/erro-503/
O servidor está sobrecarregado.,Sobre o erro 503: https://www.locaweb.com.br/ajuda/wiki/erro-503/
Pico de audiência derrubou o site.,Sobre o erro 503: https://www.locaweb.com.br/ajuda/wiki/erro-503/
Recebi um aviso de consumo excessivo de recursos.,Sobre o erro 503: https://www.locaweb.com.br/ajuda/wiki/erro-503/
Meu site estourou o limite de memória ou CPU.,Sobre o erro 503: https://www.locaweb.com.br/ajuda/wiki/erro-503/
Erro por limite de processos simultâneos.,Sobre o erro 503: https://www.locaweb.com.br/ajuda/wiki/erro-503/
Como saber se atingi o limite da hospedagem?,Sobre o erro 503: https://www.locaweb.com.br/ajuda/wiki/erro-503/
Site lento e caindo por falta de recursos.,Sobre o erro 503: https://www.locaweb.com.br/ajuda/wiki/erro-503/
Como aumentar a capacidade do meu site para não cair?,Sobre o erro 503: https://www.locaweb.com.br/ajuda/wiki/erro-503/
O que fazer quando o site dá erro 503?,Sobre o erro 503: https://www.locaweb.com.br/ajuda/wiki/erro-503/
Preciso de mais recursos para o site não cair.,Sobre o erro 503: https://www.locaweb.com.br/ajuda/wiki/erro-503/
,
"O que significa quando meu domínio está ""congelado"" ou em ""redemption""?",Status sobre o domínio congelado: https://www.locaweb.com.br/ajuda/wiki/tudo-sobre-o-dominio-congelado-ou-redemption-registro-de-dominio/
O que significa domínio congelado?,Status sobre o domínio congelado: https://www.locaweb.com.br/ajuda/wiki/tudo-sobre-o-dominio-congelado-ou-redemption-registro-de-dominio/
"Meu domínio está com status ""Redemption"", o que é isso?",Status sobre o domínio congelado: https://www.locaweb.com.br/ajuda/wiki/tudo-sobre-o-dominio-congelado-ou-redemption-registro-de-dominio/
Apareceu que o domínio está em Redemption Period.,Status sobre o domínio congelado: https://www.locaweb.com.br/ajuda/wiki/tudo-sobre-o-dominio-congelado-ou-redemption-registro-de-dominio/
O que quer dizer status congelado no Registro.br?,Status sobre o domínio congelado: https://www.locaweb.com.br/ajuda/wiki/tudo-sobre-o-dominio-congelado-ou-redemption-registro-de-dominio/
Status: Server Hold ou Client Hold (termos técnicos de congelamento).,Status sobre o domínio congelado: https://www.locaweb.com.br/ajuda/wiki/tudo-sobre-o-dominio-congelado-ou-redemption-registro-de-dominio/
Como faço para descongelar meu domínio?,Status sobre o domínio congelado: https://www.locaweb.com.br/ajuda/wiki/tudo-sobre-o-dominio-congelado-ou-redemption-registro-de-dominio/
Quero tirar meu domínio do status de redemption.,Status sobre o domínio congelado: https://www.locaweb.com.br/ajuda/wiki/tudo-sobre-o-dominio-congelado-ou-redemption-registro-de-dominio/
Como recuperar um domínio que foi congelado?,Status sobre o domínio congelado: https://www.locaweb.com.br/ajuda/wiki/tudo-sobre-o-dominio-congelado-ou-redemption-registro-de-dominio/
É possível renovar um domínio em redemption?,Status sobre o domínio congelado: https://www.locaweb.com.br/ajuda/wiki/tudo-sobre-o-dominio-congelado-ou-redemption-registro-de-dominio/
Reativar domínio congelado por falta de pagamento.,Status sobre o domínio congelado: https://www.locaweb.com.br/ajuda/wiki/tudo-sobre-o-dominio-congelado-ou-redemption-registro-de-dominio/
Perdi meu domínio? Ele aparece como congelado.,Status sobre o domínio congelado: https://www.locaweb.com.br/ajuda/wiki/tudo-sobre-o-dominio-congelado-ou-redemption-registro-de-dominio/
"Esqueci de pagar e o domínio congelou, e agora?",Status sobre o domínio congelado: https://www.locaweb.com.br/ajuda/wiki/tudo-sobre-o-dominio-congelado-ou-redemption-registro-de-dominio/
Meu site saiu do ar e diz que o domínio expirou ou congelou.,Status sobre o domínio congelado: https://www.locaweb.com.br/ajuda/wiki/tudo-sobre-o-dominio-congelado-ou-redemption-registro-de-dominio/
O domínio está bloqueado para renovação.,Status sobre o domínio congelado: https://www.locaweb.com.br/ajuda/wiki/tudo-sobre-o-dominio-congelado-ou-redemption-registro-de-dominio/
"Status de ""Aguardando congelamento"" ou ""Inativo"".",Status sobre o domínio congelado: https://www.locaweb.com.br/ajuda/wiki/tudo-sobre-o-dominio-congelado-ou-redemption-registro-de-dominio/